<filters>
  <item enabled="true">t=◎哔哩哔哩正则屏蔽列表-主列表 版本：0.10.074-Plus</item>
  <item enabled="true">t=◎作者【Jn_xyp】</item>
  <!--
  ◎更新【改进部分不规范的规则，修复一些小问题】
  ◎授权 本作品采用知识共享署名-非商业性使用 4.0 进行许可。转载需注明作者，不得用于商业用途。
  ◎特别感谢【Thiece】【BlackGlory】【deerchao】
  ◎协助开发（Github）【ZeroClad】【sola97】【chenyangsang】【drizztxx】【lishuxuan】【Liu233w】【marcosteam】【aleng-zhang】【xyyling】【TimeCompass】
  ◎参考规则（B站UID）【4580797】【29019746】
  ◎协助测试（贴吧）【_章程_】【Incredible灵动】【ssslos】【知白Dive】【点草丶麻花疼】【食谱D铭】【liuyuzhelyzlyz】【445621607】【LOOK冯】【依米的泪】【doczhang2000】【最果いの神狐】【这ID才没有卖萌】【toread2614】【如梦似幻20】【Love丶珍夕】【xiaohaijiang_】【505607625】
  ◎顺便谢谢【Philo】【Cary】【萎德】【香蕉树】【酱玮臣】
  ◎加Ｘ在前代表有争议，加Ｔ在前代表测试【这是屏蔽示例】
  ◎意见反馈请在 https://github.com/jnxyp/Bilibili-Block-List 发issue或贴吧@Jn_xyp或邮件到jinan.xyp@gmail.com
  ◎使用 “<.*?>([rt]=){0,1}|<\!\-\-.*?\-\->” 来替换掉所有非正则部分
  -->
  <!-- ◎=====以下为正则规则===== -->
  <!-- ◎本次修改 -->
  <item enabled="true">r=【争论反驳】|(请|不[愿想]看)([滚滾]|撤退|离开|右上)|散了吧|洗洗睡|不喜欢(别|不要)</item>
  <item enabled="true">r=【XX党】|.{1,6}王道|^.{1,3}[党黨]|(小说|漫画|原作)党|[甜咸]党</item>
  <item enabled="true">r=【独享承包】|独享.{0,}(失败|成功)|能.{0,4}独享|([被由]我|偷偷|悄悄|被)(来){0,}承包|休想|承包.{0,5}</item>
  <item enabled="true">r=【粗鄙词语】|脑残|下限|人渣|萌豚|有病|[老劳][资資]|崽子|扇脸|[撕怂]B|丢[你泥尼拟雷累类妮呢伱妮][老楼漏][母某]|扑街|欠(打|日|操|艹|抽|收拾)</item>
  <item enabled="true">r=【负面评价A】|原作|(AV|Av|av|渣|烂|屎).*画质|(水平|片源|画质|BGM|Bgm|bgm|音乐|歌曲|配乐|CV|Cv|cv|声优)(不[行喜]|垃圾|辣鸡)|辣鸡|垃圾|渣渣|用烂|[比没].{1,}[好差强弱跳翻唱说做调剪编拍写早晚原作做隔国國]|(毛|什么)啊|毁我.*|毁在|磨.{0,1}唧</item>
  <item enabled="true">r=【见X滚】|((我){0,}就|我(就){0,}).{0,3}来了|^来了$|见(.){0,}[滚滾进]</item>
  <item enabled="true">r=【考试】|(求|我|祝|保佑).{0,5}[考上]|保佑.{0,5}[我前不挂]|考神</item>
  <!-- ◎原有内容 -->
  <!--【TODO 改进Emoji屏蔽】-->
  <!--【严重误伤】 <item enabled="true">r=【Emoji屏蔽A】|[\u1F601-\u1F64F]{3,}</item> -->
  <!--【语法兼容性问题】 <item enabled="true">r=【单刷屏蔽B-单字连刷】|^\W*(?'ZhCharacter'[\u4e00-\u9fa5])\k'ZhCharacter'{6,}\W*$</item> -->
  <item enabled="true">r=【倍速漂移】|倍.{0,3}速|[飘漂][移逸]|^(1.25|1.5|2.0|2倍)</item> 
  <item enabled="true">r=【屏蔽刷日期A】|^\s{0,}([①②③④⑤⑥⑦⑧⑨０１２３４５６７８９0-9 〇一二两俩三仨四五六七八九十零百千万亿]{4}|[①②③④⑤⑥⑦⑧⑨０１２３４５６７８９0-9 〇一二两俩三仨四五六七八九十零百千万亿]{2})[ :，。：年月\-\,\.\\\/]{1,}[①②③④⑤⑥⑦⑧⑨０１２３４５６７８９0-9 〇一二两俩三仨四五六七八九十零百千万亿]{1,4}</item>
  <item enabled="true">r=【争论相关B-句段】|(什么|啥).{0,3}心态|说的好像|有理了|找[打揍骂]|个[屎屁蛋]|[胡瞎乱][说扯Bb逼]|凭(什么|啥)|脑子.{0,3}好东西|不服憋着|到处喷|继续撕|唱反调</item>
  <item enabled="true">r=【单刷屏蔽A-符号连刷】|^\s*([？！\.\?\!～~,，。\\\/]{1,})\s*$</item>
  <item enabled="true">r=【聊天室】|版聊|[进加]入聊天</item>
  <item enabled="true">r=【狂热崇拜】|[此今]生|来[世生]|献[出上](心脏|礼炮)|打[Cc][Aa][Ll]{1,2}|由我(来){0,}([守保]护|捍卫|改[写变])|^我大|我大.{0,5}$|最[帅美]|骑士团|参见|^.王$|[锦禁]依卫|^锦衣卫|锦衣卫.{0,3}$|御绫军</item>
  <item enabled="true">r=【清没刷弹幕人】|([弹彈][幕目]|人|小伙伴).{0,2}(清|不见|多|少|薄|厚|没|木|有|无|呢|捏|哪|纳|支援|不够|开)|(清|不见|多|少|薄|厚|没|木|有|无|开).{0,2}([弹彈][幕目]|人|小伙伴)|^([弹彈][幕目]|人|小伙伴)[呢捏哪纳].{0,3}$</item>
  <item enabled="true">r=【屏蔽抢前排A】|^\S{0,4}第[①②③④⑤⑥⑦⑧⑨０１２３４５６７８９0-9 〇一二两俩三仨四五六七八九十零百千万亿几Ww]{1,4}\S{0,6}$|当你.*不是[第前]</item>
  <item enabled="true">r=【屏蔽抢前排B】|(前|钱|[Qq][Ii][Aa][Nn])[①②③④⑤⑥⑦⑧⑨０１２３４５６７８９0-9 〇一二两俩三仨四五六七八九十零百千万亿几Ww]{1,4}</item>
  <item enabled="true">r=【屏蔽抢前排C】|(前){3,}|前[？！\?\!～~]|[①②③④⑤⑥⑦⑧⑨０１２３４５６７８９0-9 〇一二两俩三仨四五六七八九十零百千万亿Ww][Ll楼][楼lL]</item>
  <item enabled="true">r=【屏蔽刷日期B】|^\s{0,}((19|2[0-9])[1-9]{2}|[1-9]{2})(0[1-9]|1[12])([012][1-9]|3[01])</item>
  <item enabled="true">r=Ｘ【暂停】|(暂停|截图)(成功|失败)</item>
  <item enabled="true">r=【Emoji屏蔽B】|[😄😃😀😊☺😉😍😘😚😗😙😜😝😛😳😁😔😌😒😞😣😢😂😭😪😥😰😅😓😩😫😨😱😠😡😤😖😆😋😷😎😴😵😲😟😦😧😈👿😮😬😐😕😯😶😇😏😑😺😸😻😽😼🙀😿😹😾👹👺]{3,}</item>
  <item enabled="true">r=【Emoji屏蔽C】|[👂👀👃👅👄👍👎👌👊✊✌👋✋👐👆👇👉👈🙌🙏☝👏💪🚶🏃💃👫👪👬👭💏💑👯🙆🙅💁🙋💇💅👰🙎🙍🙇🎩👑👒👟👞👡👠👢👕👔👚👗🎽👖👘👙💼👜👝👛👓🎀🌂💄💋👣💎💍]{3,}</item>
  <item enabled="true">r=【Emoji屏蔽D】|[↗↖↘↙↔↕🔄◀▶🔼🔽↩↪ℹ⏪⏫⏬⤵⤴🆗🔀🔁🔂🆕🆙🆒🆓🆖📶🎦🈁⛎🔯🏧💹💲💱™❌‼⁉❗❓❕❔⭕🔝🔚🔙🔛🔜🔃🕛🕧🕐🕜🕑🕝🕒🕞🕓🕟🕔🕠🕕🕖🕗🕘🕙🕚🕡🕢🕤🕥🕦➕➖➗♠♥♣♦💮💯✔☑🔘🔗➰🔱◼◻◾◽▪▫🔺🔲🔳⚫⚪🔴🔵🔻🔶🔷🔸🔹✖]{3,}</item>
  <item enabled="true">r=【Emoji屏蔽E】|[🏠🏡🏫🏢🏣🏥🏦🏪🏩🏨💒⛪🏬🏤🌇🌆🏯🏰⛺🏭🗼🗾🗻🌄🚢⛵🚤🚣⚓🚀✈💺🚁🚂🚊🚉🚞🚆🚄🚅🚈🚇🚝🚋🚃🚎🚌🚍🚙🚘🚗🚕🚖🚛🚚🚨🚓🚔🚒🚑🚐🚲🚡🚟🚠🚜💈🚏🎫🚦🚥⚠🚧🔰⛽🏮🎰♨🗿🎪🎭📍🚩]{3,}</item>
  <item enabled="true">r=【Emoji屏蔽F】|[🈯🈳🈵🈴🈲🉐🈹8🈺🈶🈚🚾🅿🈷🈸🈂Ⓜ🉑🆑🆘🆔🔞🚫🆚🅰🅱🆎🅾❇🐁🐂🐅🐇🐉🐍🐎🐐🐒🐓🐕🐖♈♉♊♋♌♍♎♏♐♑♒♓]{4,}</item>
  <item enabled="true">r=【屏蔽单字弹幕】|^[^好顶赞棒牛]$</item>
  <item enabled="true">r=【屏蔽空白弹幕】|^\s+$</item>
  <item enabled="true">r=【符号刷屏】|厂下广卞廿|十一卉半与|屮|艸|芔|茻|●～|▂|▅|▆|▇|█|★═|▄|︻|∝|━|卐|╝|╚|╔|╗|╬|═|╓|╩|┠|┨┯|┷|┏|[←↖↑↗→↘↓↙]{3,}</item>
  <item enabled="true">r=【符号尾刷】|.{1,8}([？！\.\?\!～~,，。]{7,})\s*$</item>
  <item enabled="true">r=【单刷屏蔽C】|[啊Aa]{8,}|[哈Hh]{8,}|[呜5u]{7,}|[嗷奥噢]{7,}|[吊屌叼刁弔]{4,}</item>
  <item enabled="true">r=【单字屏蔽】|痰|屄|尻|娼|嫖|婊|裱|贱|肏|吠|傻|痴|呸|呕|淫|啐|胴|烂|屎</item>
  <item enabled="true">r=【你MB,CNM】|[你我他她它老泥尼拟死妳伱妮呢][母马妈玛妹奶娘煤]|[^A-Za-z](NMB|nmb|Nmb|NIMABI|nimabi|C.{0,5}N.{0,5}M|c.{0,5}n.{0,5}m|fuck|FUCK|Fuck)[^A-Za-z]</item>
  <item enabled="true">r=【争论相关A-关键字】|引战|闭嘴|打脸|素质|[键鍵][盘盤](侠|大手|斗士|[黨党])|喷子|吵架|[撕逼][逼Bb]</item>
  <item enabled="true">r=【愤青公知A-对内】|[国國]产|[国國]耻|[国國]人就|[国國]界|[[滚滾]|滾](.{0,5}[吧粗出回]|\s|！)|五.{0,5}毛|自.{0,5}干.{0,5}五|政.{0,5}[治府]|[Zz][Ff]|郑智|症治|和[諧谐]河蟹|民.{0,3}主|皿煮|滋油|慕洋犬</item>
  <item enabled="true">r=【愤青公知B-对外】|美.{0,5}[分狗]|俄爹|小日本|精日|日杂|鬼子|汉[奸J]|日元|奴性|你[国國]|大[陆陸]|棒子|反[美日韩]</item>
  <item enabled="true">r=【愤青公知C-对内2】|[共供].{0,5}[产產铲惨].{0,5}[党黨]|[Gg][Cc][Dd]|伟.{0,5}光.{0,5}正|[你我][党黨]|土共]|法[輪轮](功|大法)|姓.{0,5}赵|赵家人|城管</item>
  <item enabled="true">r=【祥瑞玉兔】|祥瑞玉兔|家宅平安|祥瑞平安|羊踹玉兔|玉兔喊疼|[逝死]者安息|无意冒犯</item>
  <item enabled="true">r=【表示清白】|[单双][手脚].*(打字|键盘|之间|胯下|裆部)|[蜜迷秘][之汁][突凸]起|清白$</item>
  <item enabled="true">r=【SB，煞笔】|[傻煞渣死二烧][逼笔哔碧比屄饼吊叼屌]|(2B|2b|SB|sb|Sb|S13|s13|NC|^.{0,4}nc.{0,4}$|Nc|nC)[^A-Za-z]</item>
  <item enabled="true">r=【优越XXX】|(优越|果断)([滚滾]|撤退|离开|右上|感|狗)|素质</item>
  <item enabled="true">r=【你是XXX】|[你我他她它泥尼拟妳伱妮呢][是Bb逼](猪|牛|马|基佬{0,}|鸡|猴|羊|百合|同性恋|GAY|gay|Gay|狗)|[Bb狗熊][脸样]</item>
  <item enabled="true">r=【智力相关】|智[商障]|[Mm][Dd][Zz][Zz]</item>
  <item enabled="true">r=【去死相关】|(去|弄|必须)死|杀了[你我他她它泥尼拟]|死.{0,2}(爸|妈|爹|娘|全家|户口本)|司马$</item>
  <item enabled="true">r=【性无能】|性[无無]能|阳痿|早泄|不举|快枪手|小弟弟|太监</item>
  <item enabled="true">r=【测试留念合影】|[弹彈][幕目](测试|[留劉]念)|合影</item>
  <item enabled="true">r=【由我组成】|[由有]我(来){0,}[组租]成</item>
  <item enabled="true">r=【占为己有A】|[我你].{0,3}(老婆|媳妇|女儿|儿子|孙子)|[我你].{0,3}女((朋|盆){0,3}友|人|票)|我(的){0,}男神|^.{2,6}[我咱].{0,2}的|拔[刀剑]|.{1,}嫁.我|我[的哒]$|^.{0,6}[表告]白|[儿孙]子们|([是由]|下面.*)我[儿孙]子|护妻</item>
  <item enabled="true">r=【占为己有C】|(喜欢|爱着)你.{0,5}$|你们.{0,3}分|[在和].{0,2}(床上|上床)|[偷抱]走|[挑找抢]老婆|我.{0,2}娶|(女(朋友|儿)|妻).{0,5}[棒好]</item>
  <item enabled="true">r=【清刷没弹幕】|(清|刷|增加|霸).{0,2}([弹彈][幕目]|屏|频|啊|呀|起[來来])|[求能]不刷|(消灭|拒绝)[0无没][弹彈][幕目]|[弹彈][幕目].{0,4}(压惊|冷[静精茎])|[发刷].{2,8}的</item>
  <item enabled="true">r=【来一发】|[来刷撸走]一[发波]|[吱支叫]一声|能忍|忍不住|炸[出粗]来</item>
  <item enabled="true">r=【签到打卡】|签到|打卡|留..念|到此一游|观光团|每[天日]\S{1,}|\S{1,}周目|[第每]\S{1,}遍|一[天日]不[看听].*难受|[①②③④⑤⑥⑦⑧⑨０１２３４５６７８９0-9 〇一二两俩三仨四五六七八九十零百千万亿Ww]{2,4}.{0,1}遍|[就才].*(看|听|循环)遍.*关</item>
  <item enabled="true">r=【关挡弹幕】|关.*[弹彈]幕|[当档挡].*([屏字]幕|字母)|[低底顶丁][端部][弹彈]幕</item> 
  <item enabled="true">r=【颜色相关A】|^\S{0,3}[红黄蓝篮绿黑青白紫橙粉]色\S{0,3}$|变[红黄蓝篮绿黑青白紫橙粉]|(自动|听说|怎么|咋|好像)[变换试]色|发光|颜.{0,3}表.{0,3}立</item>
  <item enabled="true">r=【P数相关】|\d[pP].{0,7}([无何卵]用|不如)</item>
  <item enabled="true">r=【视频卡花宽带】|(好|求不)卡|卡了|卡[成出粗][狗翔屎]|.*(带宽|宽带)|[小大粗细]水管|看不了|[黑花绿]屏</item>
  <item enabled="true">r=【助攻播放数】|助[攻力]|[百千万Ww卍卐].*(达成|破|播放|加油)|(达成|破|播放|加油).*[百千万Ww卍卐]</item>
  <item enabled="true">r=【沙发，路过】|沙发|板凳|前排|(好|这么|如此)[前钱钳早]|[路飘飞游撸]过|sf|Sf|SF|[刷找][出到].{0,3}(啥|什么)</item>
  <item enabled="true">r=【地名A】|[妖帝魔伪]都|辽宁|吉林|黑龙江|河北|山西|陕西|甘肃|青海|山东|安徽|江苏|浙江|河南|湖北|湖南|江西|台[湾灣]|福建|云南|海南|四川|贵州|广东|内蒙古|新疆|广西|西藏|宁夏|北京|上海|天津|重庆|香港|澳[门門]|深圳|广州|成都</item>
  <item enabled="true">r=【火钳刘明】|[火][前钳]|[流留刘][名铭明]|要火|万火留</item>
  <item enabled="true">r=【剧透类】|剧透|透剧|人干的|人干事</item>
  <item enabled="true">r=【勾引被撩】|勾引|被撩|撩我|把持不住|先.为敬</item>
  <item enabled="true">r=【XXXbyXX】|[^A-Za-z](by|BY|By)[^A-Za-z]</item>
  <item enabled="true">r=【会员是什么】|[什么怎啥].{0,5}会员|会员.{0,5}[什么怎啥啊]|会员.{0,8}世界</item>
  <item enabled="true">r=【xxx我知道你再看】|我知道你.{0,1}[在再能]看|[我只唯][宣爱]</item>
  <item enabled="true">r=【XX的本子我都看过】|(老婆|媳妇|女儿|儿子|孙子)(的){0,}本子|女((朋){0,}友|人|票)(的){0,}本子</item>
  <item enabled="true">r=【神经病】|[神蛇深][经井][病冰]</item>
  <item enabled="true">r=【我真是日了】|日了(狗|up|.{0,3}动物园)|日日</item>
  <item enabled="true">r=【灵车飘移，坟圈爆炸】|灵车|坟[圈头]|棺材</item>
  <item enabled="true">r=【我裤子都脱了】|裤子.{0,3}脱|脱.{0,3}裤子</item>
  <item enabled="true">r=【你够了】|([你尼泥拟]|[真也]).{0,3}[够垢]了</item>
  <item enabled="true">r=【OOXX】|[Oo]{1,}[Xx]{1,}|活塞运动</item>
  <item enabled="true">r=【你行你上】|你行你上|[Yy]ou can you up|can('t|t).*[Bb逼哔]</item>
  <item enabled="true">r=【爱的自杀】|爱的(供[养氧]|自杀)|再问(供[养氧]|自杀)</item>
  <item enabled="true">r=【啪啪啪】|(PA|Pa|pa|啪|帕|拍){3,}|割鸡|小(丁丁|鸡|J|j)|[鸡Jj][巴吧8Bb]|一(硬|石更)</item>
  <item enabled="true">r=【@人名】|^@.{1,9}$|若风|老E|老e|纯黑|bishi|鼻屎|碧诗|姥爷|aoao|AOAO|敖|厂长|伊丽莎白鼠|吃素的狮子|八尾妖[姬基鸡]|黄大蒜</item>
  <item enabled="true">r=【XX分钟的XX】|分钟的(人生|鬼畜|精神污染)</item>
  <item enabled="true">r=【我是世界第几帅】|[我你].*(宇宙|世界).*[丑笨帅傻酷]|大声.*(告诉|说出)</item>
  <item enabled="true">r=【另外X个观众你们好】|(其他|另|另外).{1,5}(个|位|名|铭|明).*[好嚎耗豪]|(你们|大家)好</item>
  <item enabled="true">r=【憋跑】|你在[哪那]里|[别憋鳖][跑走]|的等[我等着]</item>
  <item enabled="true">r=【脸不给看】|脸不.{0,1}给.{0,1}看|[当档挡].*脸|是你们.{0,2}看</item>
  <item enabled="true">r=【破鞋玛丽苏】|破[鞋处處]|[处處][女男]|[绿綠]茶|[马玛瑪]丽苏|圣母</item>
  <item enabled="true">r=【小学生】|.[學学穴]生</item>
  <item enabled="true">r=【硬币相关】|处女[币幣B]|[硬投][币幣](送上|[已一以]投)|投.{0,1}[币幣]</item>
  <item enabled="true">r=【空降相关】|空降(成功|失败|完美)|(成功|失败|完美)空降|空难现场</item>
  <item enabled="true">r=【舔pr】|舔舔|([Pp][Rr]){2,}|我舔|舔屏幕|舔[手脚腿]|屏幕[下有]毒</item>
  <item enabled="true">r=【百度XX吧】|(百度|贴吧).*吧</item>
  <item enabled="true">r=【放开那个XX】|放开.*我[来上干]|放开[这那哪我]</item>
  <item enabled="true">r=【OPED】|跳([Oo][Pp]|[Ee][Dd])|([Oo][Pp]|[Ee][Dd])跳|^[Oo][Pp]$|^[Ee][Dd]$</item>
  <item enabled="true">r=【千万不要搜A】|不要.*(搜|查|百度|谷歌)|\u4e24\u5973\u4e00\u676f|\u7a7a\u624b\u6307|\u7435\u7436\u87fe\u870d|\u5de8\u4eba\u89c2|\u9ec4\u9cdd</item>
  <item enabled="true">r=【千万不要搜B】|[\u632f.{0,3}\u9707]\u52a8.{0,3}\u68d2|\u98de.{0,3}\u673a.{0,3}\u676f|\u8df3.{0,3}\u86cb|\u4e0d\u4f1a[\u6000\u53d7]\u5b55</item>
  <item enabled="true">r=【抄袭】|抄袭|[既即]视感|这不是</item>
  <item enabled="true">r=【好气】|好生?气|气[炸死飞]</item>
  <!-- ◎=====以下为PLUS规则===== -->
  <!-- ◎本次修改 -->
  <item enabled="true">r=【负面评价B】|那也不(能|应该)</item>
  <item enabled="true">r=【讽刺隐喻】|某些?人|有些人</item>
  <item enabled="true">r=【摄影师鸡腿】|摄影师.*(鸡腿|贝爷|今晚)</item>
  <item enabled="true">r=【三次元人名】|张杰|郭德[纲肛]|汪[峰涵]|李宇春|春哥|郭敬明|卢本伟</item>
  <item enabled="true">r=【完结撒花】|完结.*[撒撤散]花</item>
  <item enabled="true">r=【少看X集】|少看.*[多集季部了]</item>
  <!-- ◎原有内容 -->
  <item enabled="true">r=ＸＸ【非战斗，FBI】|非战斗人员.{0,1}迅速撤离|[Ff][Bb][Ii]|[Ww]arning</item>
  <item enabled="true">r=ＸＸ【233666www】|([23]){10,}|[Ww]{8,}|[6六溜]{10,}</item>
  <item enabled="true">r=Ｘ【工口】|工口|绅.{0,1}士</item>
  <item enabled="true">r=Ｘ【不明觉厉】|不明觉厉</item>
  <item enabled="true">r=Ｘ【开口跪】|开口.{1,}|张嘴{1,}</item>
  <item enabled="true">r=Ｘ【硬币相关】|硬[币幣]</item>
  <item enabled="true">r=Ｘ【生日快乐】|生日快乐|生快</item>
  <item enabled="true">r=Ｘ【AV号】|10492|[Aa][Vv][①②③④⑤⑥⑦⑧⑨０１２３４５６７８９0-9 〇一二两俩三仨四五六七八九十零百千万亿Ww]{3,}</item>
  <item enabled="true">r=Ｘ【虐狗】|虐.{0,5}狗|([单双]身|恩爱)狗</item>
  <item enabled="true">r=Ｘ【壮哉我大】|壮哉.*大|再战.*年|永垂不朽|长存</item>
  <item enabled="true">r=Ｘ【一上线】|[已一以]上线|[您你]的好友</item>
  <item enabled="true">r=Ｘ【美如画一生推】|美如画|一生推</item>
  <item enabled="true">r=Ｘ【12，450】|Q12Q|q12q|Q12q|12dog|12DOG|12Dog|12[Dd][Oo][Rr][Aa]|450</item>
  <item enabled="true">r=Ｘ【Minecraft相关】|给我.{1,4}[只个吨天月年]|[Jj鸡][Jj鸡]怪|苦力怕|[^吨]TNT|(别人|大[神触角虫])(家){0,1}的(世界|[Mm]inecraft|[Mm][Cc])|删(游戏|[Mm]inecraft|[Mm][Cc])|(游戏|[Mm]inecraft|[Mm][Cc])已删</item>
  <item enabled="true">r=【地名B】七台河|三门峡|五家渠|五指山|佳木斯|六盘水|兴安盟|内蒙古|双鸭山|吐鲁番|哈尔滨|嘉峪关|平顶山|库尔勒|攀枝花|日喀则|景德镇|牡丹江|石嘴山|石家庄|石河子|神农架|秦皇岛|葫芦岛|连云港|防城港|阿克苏|阿勒泰|阿图什|阿拉尔|马鞍山|驻马店|黑龙江|乌兰察布|乌鲁木齐|克拉玛依|呼伦贝尔|呼和浩特|图木舒克|大兴安岭|巴彦淖尔|西双版纳</item>
  <item enabled="true">r=【地名C】鄂尔多斯|阿拉善盟|阿里地区|齐齐哈尔|锡林郭勒盟|[丹乐屏]东|[漯红黑]河|[澳荆厦]门|[晋巴琼汉]中|[乌上北威珠琼青]海|[乐中佛凉唐文舟鞍眉]山|[丽九内怒浙昌潜湛镇阳]江|[庆咸信岳沈洛朝揭邵衡资益濮绵]阳|[福荆衢贺达郑郴钦鄂锦随赣苏亳儋兰徐常惠扬忻宿柳杭抚朔梅梧沧永泉滁滨潮漳池泰泸温]州|东[方莞营]|云[南林浮]|保[亭定山]</item>
  <item enabled="true">r=【地名D】天[水津门]|宁[夏德波]|山[东南西]|张家[口界]|德[宏州阳]|江[苏西门]|济[南宁源]|淮[北南安]|湖[北南州]|玉[林树溪]|甘[南孜肃]|西[宁安藏]|贵[州港阳]|辽[宁源阳]|铜[仁川陵]|长[春沙治]|阜[康新阳]|黔[东南西]|大[同庆理连]|宜[兰宾昌春]|新[乡余竹疆]|河[北南池源]|白[城山沙银]|黄[冈南山石]|临[夏汾沂沧高]|安[庆康徽阳顺]</item>
  <item enabled="true">r=【地名E】广[东元安州西]|海[东北南口西]|台[东中北南州湾]|南[京充宁平投昌通阳]|万宁|三亚|三明|上饶|中卫|丽水|乌苏|仙桃|伊宁|伊春|六安|包头|北京|十堰|博乐|合肥|吉安|吉林|吕梁|吴忠|周口|和田|咸宁|哈密|商丘|商洛|喀什|嘉义|嘉兴|四川|四平|固原|基隆|塔城|太原|奎屯|娄底|孝感|定安|定西|宝鸡|宣城|宿迁|屯昌|崇左|巢湖|常德</item>
  <item enabled="true">r=【地名F】平凉|廊坊|延安|延边|开封|张掖|彰化|怀化|思茅|恩施|成都|承德|抚顺|拉萨|文昌|无锡|日照|昆明|昌吉|昌都|昭通|晋城|曲靖|本溪|来宾|松原|林芝|果洛|枣庄|株洲|桂林|桃园|楚雄|榆林|武威|武汉|毕节|汕头|汕尾|泰安|淄博|深圳|清远|渭南|湘潭|湘西|潍坊|澄迈|澎湖|烟台|焦作|百色|盐城|盘锦|福建|米泉|绍兴|绥化|聊城|肇庆</item>
  <item enabled="true">r=【地名G】自贡|芜湖|花莲|苗栗|茂名|莆田|莱芜|菏泽|萍乡|营口|蚌埠|衡水|襄樊|许昌|赤峰|运城|迪庆|通化|通辽|遂宁|遵义|邢台|那曲|邯郸|酒泉|重庆|金华|金昌|铁岭|银川|阳泉|阿坝|陇南|陕西|陵水|雅安|青岛|韶关|香港|高雄|鸡西|鹤壁|鹤岗|鹰潭|龙岩</item>
  <item enabled="true">r=【X粉X狗】[软米果索花华][粉黑蛆狗]|(华为|菊花)[海水]军|水军</item>
  <item enabled="true">r=【MMP】[吗妈][买卖麦][批屁皮匹]|[Mm][Mm][Pp]</item>
  <item enabled="true">r=【氪金手游】|乌鸦[坐座]飞机|黑虎阿福|欧气|吸{3,}|玩{3,}|^[好不]玩|[触防猝]不[胜及]防|充钱|充充充|冲[钱了]|氪.?$|我要[充冲].*[亿万百千元]</item>
  <item enabled="true">r=【FGO】|乌鸦[坐座]飞机|黑虎阿福</item>
  <item enabled="true">r=【+1s】|续\d[秒Ss]|\+\ds|苟利|岂因|图样|图森破|[那拿][义一衣][务服]|真正的粉丝</item>
  <item enabled="true">r=【男女主废】|[男女]主.{0,3}([渣废弱]|没用)</item>
  <item enabled="true">r=【B站看片】|滑稽|网盘见|B.{0,2}片指.{0,2}待|[囤屯]了</item>
  <item enabled="true">r=【上交国家】|上[交缴][郭国]家</item>
  <item enabled="true">r=【三次元神器】|板砖|诺基亚|[Gg][Tt][Xx][①②③④⑤⑥⑦⑧⑨０１２３４５６７８９0-9 〇一二两俩三仨四五六七八九十零百千万亿Ww]{1,3}</item>
  <item enabled="true">r=【二次元神器】|[Ee][Xx]咖喱棒|物理学圣剑|撬棍|贤者之石|死海文书</item>
  <item enabled="true">r=【颜色相关B】|^.{1,3}色$|^\W*(天依蓝|乐正红|言和白|(星尘|基佬)[粉紫]|伊藤橙|胖次[白蓝]|帽子绿|[FfEe][FfEe]0000|66[cfCF][cfCF][fcFC][fcFC]|[Ee][Ee][Ff][Ff][Ee][Ee])\W*$</item>
  <item enabled="true">r=【刷学校名】|.*(小学|附小|中学|初中|高中|附中|中职|高职|职业学院|学院|大学)|^[一二三四五六七八九十]{3,}[小中]</item>
  <item enabled="true">r=【你不是一个人】|你(们){0,}不是\S{1,}个人|\S{1,}字你\S{1,}</item>
  <item enabled="true">r=【伏笔，FLAG】|伏笔|Flag|FLAG|flag|[树竖立]旗|怪我</item>
  <item enabled="true">r=【发来核电】|发来\S{2,}|[贺核]电</item>
  <item enabled="true">r=【以上企业均】|均已(破产|倒闭)|\S{2,}赞助</item>
  <item enabled="true">r=【XXX.avi】|avi|rmvb|AVI|Avi|RMVB|Player|player|WMV|Wmv|wmv|快播</item>
  <item enabled="true">r=【老司机相关】|老司机|[滴第d].{0,}卡.{0,2}$|带带我</item>
  <item enabled="true">r=【听我解释】|你听我解释|默默[带戴]上耳机|问.{0,8}跪.{0,2}$</item>
  <item enabled="true">r=【存活确认】|^.{0,4}阵亡|^存[活货]|^幸存</item>
  <item enabled="true">r=【伸手党相关】|(要|交|求|问).{0,5}(BGM|Bgm|bgm|图包|[音配]乐|歌曲|地址|软件|动漫|封)|(BGM|Bgm|bgm|图包|[音配]乐|歌曲|地址|软件|动漫|封面).{0,3}(啥|什么)|还是好朋友</item>
  <item enabled="true">r=【挖坟相关】|(失踪|死亡)(人[口员]|up(主){0,})|(人[口员]|up(主){0,})回归|考古|挖坟|巨坟|有生之年|洛阳铲|李敏镐</item>
  <item enabled="true">r=【音乐鬼畜区输了】|(音乐|鬼畜|麻将|地主)区.*(战|投降|输|赢)</item>
  <item enabled="true">r=【镇站之宝】|镇[站区店]之宝|万恶之源</item>
  <item enabled="true">r=【这不科学】|不(科学|魔法)</item>
  <item enabled="true">r=【耳朵怀孕】|[眼耳].{0,5}(瞎|聋|怀孕)</item>
  <item enabled="true">r=【哈哈哈哈】|红红火火恍恍惚惚|[哈嘿呵Hh]{5,}</item>
  <item enabled="true">r=【丑哭，帅炸】|[丑帅][哭爆炸掉]</item>
  <item enabled="true">r=【维和感】|(维和|违和)感</item>
  <item enabled="true">r=【我开始方了】|(好|开始)[慌方放]</item>
  <item enabled="true">r=【药丸，要完】|[吃迟][早枣][要药妖][完玩丸]|B站[要药妖][完玩丸]</item>
  <item enabled="true">r=【有毒戒毒】|[下放戒有中解剧吸].{0,3}毒|毒.{0,3}[戒放剧吸]|吸.{0,3}口|戒不</item>
  <item enabled="true">r=【进度条相关】|看进度条|进度条\W*|进度条.{1,}([肿怎]么|超神|一半|挺住)|讲.{0,3}鬼故事</item>
  <item enabled="true">r=【拿原版骗人】|原[版板].*骗|忘.{1,6}原[版板]</item>
  <item enabled="true">r=【钓鱼相关】|好大的鱼|虎纹鲨鱼|钓鱼|鱼钩.*直|鱼饵.*[腥臭]</item>
  <item enabled="true">r=【QQ号】|[①②③④⑤⑥⑦⑧⑨０１２３４５６７８９0-9 〇一二两俩三仨四五六七八九十零百千万亿Ww]{10,16}</item>
  <item enabled="true">r=【其他短语】|也是醉|一颗赛艇|腿.*玩|生[孩猴][子字]|[Hh]op</item>
  <item enabled="true">r=【停不下来】|停不下来|[出粗]不去|欢迎回来</item>
  <item enabled="true">r=【漫长的XXX】|漫长的</item>
  <item enabled="true">r=【灵魂XXX】|灵魂.{1,4}[手师员]</item>
  <item enabled="true">r=【其他词语】|前列腺|白带</item>
  <item enabled="true">r=【我选择死亡】|选择.{0,3}死亡</item>
  <item enabled="true">r=【真当XX不上XX】|(真当|当真).{1,7}不[上去看]</item>
  <item enabled="true">r=【报警，报复社会】|110|120|119|报警|举报|[妖药腰][妖药腰][灵零令]|报[复答]社会</item>
  <item enabled="true">r=【CCTV相关】|走近.{0,2}(科学|魔法)|[Cc][Cc][TtAa][Vv]|新.{0,5}闻.{0,5}联.{0,5}播|中央台|春晚</item>
  <item enabled="true">r=【查水表，送快递】|快递|(水|电|气)表|送温暖</item>
  <item enabled="true">r=【你瞅啥瞅你咋地】|你瞅啥|瞅你咋地</item>
  <item enabled="true">r=【德玛西亚】|德玛西亚|马来西亚之力</item>
  <item enabled="true">r=【腾讯游戏】|[Cc][Ff]|穿越火线|腾讯|[3三]亿.*鼠标|马化腾|麻花疼</item>
  <item enabled="true">r=【TF男孩】|[Tt][Ff]|[掏淘吃拔捅舔吃食][粪屎翔]</item>
  <item enabled="true">r=【牛头人】|[Nn][Tt][Rr]|牛头人</item>
  <item enabled="true">r=【地球OL】|地球OL|([Vv][Ii][Pp]|[Rr][Mm][Bb])玩家</item>
  <item enabled="true">r=【我保证】|保证(不打死|打不死)</item>
  <item enabled="true">r=【溜了】|[溜逃走]了</item>
  <item enabled="true">r=【教练我想学】|教练.*(不会|学)</item>
  <item enabled="true">r=【XX的错】|(世界|圆盘|时[臣辰晨])的错</item>
</filters>